section	id/key	status	summary
role_menu_remaining	62	present	role_id=9;menu_id=38;only parent retained
admin_session	8	unchanged	token_sha256=ef6f91435c4ad41947fbc25009951e888ebe5763994445355cdc8cc32e7d77be;expire_time=1785605229;update_time=1785576429
orders	count=11	unchanged	status_sum=5;1:0,2:0,3:0,4:1,5:0,6:1,7:1,8:1,9:1,10:0,11:0
records	count=5	unchanged	amount_sum=308.00;1:4:0,2:8:2,3:6:2,4:7:2,5:9:2
refund_logs	count=11	unchanged	amount_sum=722.10;1:1:0,2:2:2,3:3:2,4:4:2,5:3:2,6:5:2,7:4:2,8:4:2,9:4:2,10:4:2,11:4:2
balance_logs	count=3	unchanged	amount_sum=186.80;10:21:101:2,11:23:101:2,12:21:101:2
member	21	unchanged	user_money=383.90;balance=383.90;total_recharge_amount=383.90
member	22	unchanged	user_money=5.00;balance=5.00;total_recharge_amount=100.00
member	23	unchanged	user_money=129.30;balance=129.30;total_recharge_amount=129.30
